Date,Group,Households_Supplied,Water_Per_Household_L,Total_Water_Supplied_L,Day,Month,Day_of_Week
2026-01-01,A,63,400,25200,1,1,3
2026-01-02,B,62,400,24800,2,1,4
2026-01-03,A,63,400,25200,3,1,5
2026-01-04,B,62,400,24800,4,1,6
2026-01-05,A,63,400,25200,5,1,0
2026-01-06,B,62,400,24800,6,1,1
2026-01-07,A,63,400,25200,7,1,2
2026-01-08,B,62,400,24800,8,1,3
2026-01-09,A,63,400,25200,9,1,4
2026-01-10,B,62,400,24800,10,1,5
2026-01-11,A,63,400,25200,11,1,6
2026-01-12,B,62,400,24800,12,1,0
2026-01-13,A,63,400,25200,13,1,1
2026-01-14,B,62,400,24800,14,1,2
2026-01-15,A,63,400,25200,15,1,3
2026-01-16,B,62,400,24800,16,1,4
2026-01-17,A,63,400,25200,17,1,5
2026-01-18,B,62,400,24800,18,1,6
2026-01-19,A,63,400,25200,19,1,0
2026-01-20,B,62,400,24800,20,1,1
2026-01-21,A,63,400,25200,21,1,2
2026-01-22,B,62,400,24800,22,1,3
2026-01-23,A,63,400,25200,23,1,4
2026-01-24,B,62,400,24800,24,1,5
2026-01-25,A,63,400,25200,25,1,6
2026-01-26,B,62,400,24800,26,1,0
2026-01-27,A,63,400,25200,27,1,1
2026-01-28,B,62,400,24800,28,1,2
2026-01-29,A,63,400,25200,29,1,3
2026-01-30,B,62,400,24800,30,1,4
2026-01-31,A,63,400,25200,31,1,5
2026-02-01,B,62,400,24800,1,2,6
2026-02-02,A,63,400,25200,2,2,0
2026-02-03,B,62,400,24800,3,2,1
2026-02-04,A,63,400,25200,4,2,2
2026-02-05,B,62,400,24800,5,2,3
2026-02-06,A,63,400,25200,6,2,4
2026-02-07,B,62,400,24800,7,2,5
2026-02-08,A,63,400,25200,8,2,6
2026-02-09,B,62,400,24800,9,2,0
2026-02-10,A,63,400,25200,10,2,1
2026-02-11,B,62,400,24800,11,2,2
2026-02-12,A,63,400,25200,12,2,3
2026-02-13,B,62,400,24800,13,2,4
2026-02-14,A,63,400,25200,14,2,5
2026-02-15,B,62,400,24800,15,2,6
2026-02-16,A,63,400,25200,16,2,0
2026-02-17,B,62,400,24800,17,2,1
2026-02-18,A,63,400,25200,18,2,2
2026-02-19,B,62,400,24800,19,2,3
2026-02-20,A,63,400,25200,20,2,4
2026-02-21,B,62,400,24800,21,2,5
2026-02-22,A,63,400,25200,22,2,6
2026-02-23,B,62,400,24800,23,2,0
2026-02-24,A,63,400,25200,24,2,1
2026-02-25,B,62,400,24800,25,2,2
2026-02-26,A,63,400,25200,26,2,3
2026-02-27,B,62,400,24800,27,2,4
2026-02-28,A,63,400,25200,28,2,5
2026-03-01,B,62,400,24800,1,3,6
2026-03-02,A,63,400,25200,2,3,0
2026-03-03,B,62,400,24800,3,3,1
2026-03-04,A,63,400,25200,4,3,2
2026-03-05,B,62,400,24800,5,3,3
2026-03-06,A,63,400,25200,6,3,4
2026-03-07,B,62,400,24800,7,3,5
2026-03-08,A,63,400,25200,8,3,6
2026-03-09,B,62,400,24800,9,3,0
2026-03-10,A,63,400,25200,10,3,1
2026-03-11,B,62,400,24800,11,3,2
2026-03-12,A,63,400,25200,12,3,3
2026-03-13,B,62,400,24800,13,3,4
2026-03-14,A,63,400,25200,14,3,5
2026-03-15,B,62,400,24800,15,3,6
2026-03-16,A,63,400,25200,16,3,0
2026-03-17,B,62,400,24800,17,3,1
2026-03-18,A,63,400,25200,18,3,2
2026-03-19,B,62,400,24800,19,3,3
2026-03-20,A,63,400,25200,20,3,4
2026-03-21,B,62,400,24800,21,3,5
2026-03-22,A,63,400,25200,22,3,6
2026-03-23,B,62,400,24800,23,3,0
2026-03-24,A,63,400,25200,24,3,1
2026-03-25,B,62,400,24800,25,3,2
2026-03-26,A,63,400,25200,26,3,3
2026-03-27,B,62,400,24800,27,3,4
2026-03-28,A,63,400,25200,28,3,5
2026-03-29,B,62,400,24800,29,3,6
2026-03-30,A,63,400,25200,30,3,0
2026-03-31,B,62,400,24800,31,3,1
2026-04-01,A,63,400,25200,1,4,2
2026-04-02,B,62,400,24800,2,4,3
2026-04-03,A,63,400,25200,3,4,4
2026-04-04,B,62,400,24800,4,4,5
2026-04-05,A,63,400,25200,5,4,6
2026-04-06,B,62,400,24800,6,4,0
2026-04-07,A,63,400,25200,7,4,1
2026-04-08,B,62,400,24800,8,4,2
2026-04-09,A,63,400,25200,9,4,3
2026-04-10,B,62,400,24800,10,4,4
2026-04-11,A,63,400,25200,11,4,5
2026-04-12,B,62,400,24800,12,4,6
2026-04-13,A,63,400,25200,13,4,0
2026-04-14,B,62,400,24800,14,4,1
2026-04-15,A,63,400,25200,15,4,2
2026-04-16,B,62,400,24800,16,4,3
2026-04-17,A,63,400,25200,17,4,4
2026-04-18,B,62,400,24800,18,4,5
2026-04-19,A,63,400,25200,19,4,6
2026-04-20,B,62,400,24800,20,4,0
2026-04-21,A,63,400,25200,21,4,1
2026-04-22,B,62,400,24800,22,4,2
2026-04-23,A,63,400,25200,23,4,3
2026-04-24,B,62,400,24800,24,4,4
2026-04-25,A,63,400,25200,25,4,5
2026-04-26,B,62,400,24800,26,4,6
2026-04-27,A,63,400,25200,27,4,0
2026-04-28,B,62,400,24800,28,4,1
2026-04-29,A,63,400,25200,29,4,2
2026-04-30,B,62,400,24800,30,4,3
2026-05-01,A,63,400,25200,1,5,4
2026-05-02,B,62,400,24800,2,5,5
2026-05-03,A,63,400,25200,3,5,6
2026-05-04,B,62,400,24800,4,5,0
2026-05-05,A,63,400,25200,5,5,1
2026-05-06,B,62,400,24800,6,5,2
2026-05-07,A,63,400,25200,7,5,3
2026-05-08,B,62,400,24800,8,5,4
2026-05-09,A,63,400,25200,9,5,5
2026-05-10,B,62,400,24800,10,5,6
2026-05-11,A,63,400,25200,11,5,0
2026-05-12,B,62,400,24800,12,5,1
2026-05-13,A,63,400,25200,13,5,2
2026-05-14,B,62,400,24800,14,5,3
2026-05-15,A,63,400,25200,15,5,4
2026-05-16,B,62,400,24800,16,5,5
2026-05-17,A,63,400,25200,17,5,6
2026-05-18,B,62,400,24800,18,5,0
2026-05-19,A,63,400,25200,19,5,1
2026-05-20,B,62,400,24800,20,5,2
2026-05-21,A,63,400,25200,21,5,3
2026-05-22,B,62,400,24800,22,5,4
2026-05-23,A,63,400,25200,23,5,5
2026-05-24,B,62,400,24800,24,5,6
2026-05-25,A,63,400,25200,25,5,0
2026-05-26,B,62,400,24800,26,5,1
2026-05-27,A,63,400,25200,27,5,2
2026-05-28,B,62,400,24800,28,5,3
2026-05-29,A,63,400,25200,29,5,4
2026-05-30,B,62,400,24800,30,5,5
2026-05-31,A,63,400,25200,31,5,6
2026-06-01,B,62,400,24800,1,6,0
2026-06-02,A,63,400,25200,2,6,1
2026-06-03,B,62,400,24800,3,6,2
2026-06-04,A,63,400,25200,4,6,3
2026-06-05,B,62,400,24800,5,6,4
2026-06-06,A,63,400,25200,6,6,5
2026-06-07,B,62,400,24800,7,6,6
2026-06-08,A,63,400,25200,8,6,0
2026-06-09,B,62,400,24800,9,6,1
2026-06-10,A,63,400,25200,10,6,2
2026-06-11,B,62,400,24800,11,6,3
2026-06-12,A,63,400,25200,12,6,4
2026-06-13,B,62,400,24800,13,6,5
2026-06-14,A,63,400,25200,14,6,6
2026-06-15,B,62,400,24800,15,6,0
2026-06-16,A,63,400,25200,16,6,1
2026-06-17,B,62,400,24800,17,6,2
2026-06-18,A,63,400,25200,18,6,3
2026-06-19,B,62,400,24800,19,6,4
2026-06-20,A,63,400,25200,20,6,5
2026-06-21,B,62,400,24800,21,6,6
2026-06-22,A,63,400,25200,22,6,0
2026-06-23,B,62,400,24800,23,6,1
2026-06-24,A,63,400,25200,24,6,2
2026-06-25,B,62,400,24800,25,6,3
2026-06-26,A,63,400,25200,26,6,4
2026-06-27,B,62,400,24800,27,6,5
2026-06-28,A,63,400,25200,28,6,6
2026-06-29,B,62,400,24800,29,6,0
2026-06-30,A,63,400,25200,30,6,1
